{
  "state": {
    "isStdOutTTY": false,
    "isStdErrTTY": false,
    "testRunDurationMs": 11178.305
  },
  "metrics": {
    "http_req_duration": {
      "contains": "time",
      "values": {
        "p(90)": 1452.193,
        "p(95)": 1515.6731499999999,
        "p(99)": 1647.91399,
        "max": 1901.72,
        "avg": 1153.5874799094531,
        "min": 2.421,
        "med": 1204.464
      },
      "type": "trend"
    },
    "http_req_tls_handshaking": {
      "type": "trend",
      "contains": "time",
      "values": {
        "p(95)": 0,
        "p(99)": 0,
        "max": 0,
        "avg": 0,
        "min": 0,
        "med": 0,
        "p(90)": 0
      }
    },
    "iterations": {
      "type": "counter",
      "contains": "default",
      "values": {
        "count": 3450,
        "rate": 308.63355401377936
      }
    },
    "final_stock": {
      "values": {
        "value": 0,
        "min": 0,
        "max": 0
      },
      "type": "gauge",
      "contains": "default"
    },
    "http_req_sending": {
      "contains": "time",
      "values": {
        "p(90)": 1.4434,
        "p(95)": 1.9584499999999958,
        "p(99)": 3.36567,
        "max": 10.427,
        "avg": 0.3359637804187978,
        "min": 0.002,
        "med": 0.011
      },
      "type": "trend"
    },
    "iteration_duration": {
      "type": "trend",
      "contains": "time",
      "values": {
        "p(95)": 1522.1785273,
        "p(99)": 1652.32536791,
        "max": 1907.77675,
        "avg": 1183.9111956081144,
        "min": 175.193041,
        "med": 1213.5298750000002,
        "p(90)": 1456.6161333999999
      }
    },
    "http_req_connecting": {
      "type": "trend",
      "contains": "time",
      "values": {
        "avg": 3.8489077532540965,
        "min": 0,
        "med": 0,
        "p(90)": 17.975800000000003,
        "p(95)": 22.4364,
        "p(99)": 26.55791,
        "max": 28.2
      }
    },
    "data_received": {
      "type": "counter",
      "contains": "data",
      "values": {
        "rate": 335104.3829990325,
        "count": 3745899
      }
    },
    "order_latency": {
      "type": "trend",
      "contains": "time",
      "values": {
        "med": 518.9639999999999,
        "p(90)": 624.3283,
        "p(95)": 659.73135,
        "p(99)": 719.2771299999999,
        "max": 801.559,
        "avg": 495.42347,
        "min": 173.368
      }
    },
    "order_created": {
      "thresholds": {
        "count>0": {
          "ok": true
        }
      },
      "type": "counter",
      "contains": "default",
      "values": {
        "count": 100,
        "rate": 8.94590011634143
      }
    },
    "http_reqs": {
      "type": "counter",
      "contains": "default",
      "values": {
        "count": 3534,
        "rate": 316.1481101115062
      }
    },
    "http_req_duration{expected_response:true}": {
      "type": "trend",
      "contains": "time",
      "values": {
        "p(99)": 1647.91399,
        "max": 1901.72,
        "avg": 1153.5874799094531,
        "min": 2.421,
        "med": 1204.464,
        "p(90)": 1452.193,
        "p(95)": 1515.6731499999999
      }
    },
    "vus_max": {
      "type": "gauge",
      "contains": "default",
      "values": {
        "value": 1000,
        "min": 1000,
        "max": 1000
      }
    },
    "data_sent": {
      "type": "counter",
      "contains": "data",
      "values": {
        "count": 2144940,
        "rate": 191884.18995545388
      }
    },
    "http_req_receiving": {
      "type": "trend",
      "contains": "time",
      "values": {
        "p(95)": 0.29334999999999983,
        "p(99)": 0.45934999999999987,
        "max": 2.383,
        "avg": 0.1445025466893041,
        "min": 0.008,
        "med": 0.124,
        "p(90)": 0.244
      }
    },
    "checks": {
      "contains": "default",
      "values": {
        "rate": 1,
        "passes": 6900,
        "fails": 0
      },
      "type": "rate"
    },
    "http_req_failed": {
      "contains": "default",
      "values": {
        "rate": 0,
        "passes": 0,
        "fails": 3534
      },
      "type": "rate"
    },
    "vus": {
      "type": "gauge",
      "contains": "default",
      "values": {
        "min": 0,
        "max": 1000,
        "value": 262
      }
    },
    "http_req_waiting": {
      "contains": "time",
      "values": {
        "max": 1901.436,
        "avg": 1153.1070135823418,
        "min": 2.357,
        "med": 1204.201,
        "p(90)": 1451.0863000000002,
        "p(95)": 1514.6583999999996,
        "p(99)": 1647.76348
      },
      "type": "trend"
    },
    "order_soldout": {
      "type": "counter",
      "contains": "default",
      "values": {
        "rate": 299.68765389743794,
        "count": 3350
      }
    },
    "http_req_blocked": {
      "type": "trend",
      "contains": "time",
      "values": {
        "p(99)": 26.623099999999997,
        "max": 32.005,
        "avg": 3.8922328805888182,
        "min": 0,
        "med": 0.002,
        "p(90)": 18.1614,
        "p(95)": 22.649899999999995
      }
    }
  },
  "setup_data": {
    "runTag": "1782703823586",
    "targetAlbumId": 1005,
    "tokens": [
      "<redacted:80>"
    ],
    "initialStock": 100
  },
  "root_group": {
    "id": "d41d8cd98f00b204e9800998ecf8427e",
    "groups": [],
    "checks": [
        {
          "passes": 3450,
          "fails": 0,
          "name": "201 생성 또는 409 소진 (정상 도메인 응답)",
          "path": "::201 생성 또는 409 소진 (정상 도메인 응답)",
          "id": "fcde74968ed22e222c7bbfeec63daa1f"
        },
        {
          "name": "orderNumber 존재(201 시)",
          "path": "::orderNumber 존재(201 시)",
          "id": "f3528e3eda9409a6cd632ee10c866a91",
          "passes": 3450,
          "fails": 0
        }
      ],
    "name": "",
    "path": ""
  },
  "options": {
    "summaryTrendStats": [
      "avg",
      "min",
      "med",
      "p(90)",
      "p(95)",
      "p(99)",
      "max"
    ],
    "summaryTimeUnit": "",
    "noColor": false
  }
}